timestamp,packet_loss_ratio,latency_jitter_ratio,dns_resolve_time_ratio,hop_count_ratio,per_hop_rtt_ratio,label
2025-07-21 17:01:53,0.0,1.0,1.0,1.0,1.0,normal
2025-07-21 17:02:57,0.0,0.18169841398859232,0.49825716498838113,1.0,0.9766658774629732,normal
2025-07-21 17:03:59,0.0,0.14074853777684274,0.2734352656473435,1.0,0.6880549811458461,normal
2025-07-21 17:05:04,0.0,0.22521341425636268,0.8393971526413684,1.0,0.7753407642271107,normal
2025-07-21 17:06:07,0.0,0.15737983960730192,0.27607613854719243,1.0,0.5738653626354547,normal
2025-07-21 17:07:14,0.0,0.2402286275185707,0.32940117343929465,1.0,0.8151676543395094,normal
2025-07-21 17:08:16,0.0,0.2589208468686019,0.10635891164781414,1.0,0.7185648896068928,normal
2025-07-21 17:09:11,0.0,0.4072980043547396,0.3853865068164293,1.0,0.7997091966557616,normal
2025-07-21 17:10:16,0.0,0.33654416667747467,1.1799828070086722,1.0,0.9319671240812485,normal
2025-07-21 17:11:21,0.0,0.6142747754683158,0.3803964489845556,1.0,0.9341123757785638,normal
2025-07-21 17:13:23,0.0,0.23493519607859242,0.457375500472356,1.0,0.9105611914976462,normal
2025-07-21 17:14:30,0.0,0.35630382038287756,1.3173172161468336,1.0,0.8195718455204043,normal
2025-07-21 17:15:36,0.0,0.4991264542316408,0.44099451840250586,1.0,2.1981920630910667,normal
2025-07-21 17:17:53,0.0,0.6863348670460847,2.350591032160074,1.0,1.7867233005011902,normal
2025-07-21 17:22:55,0.0,0.8114559747994011,1.2525329445979563,1.0625,1.6191326575275313,Normal
2025-07-21 17:23:56,0.0,0.26847002967930056,0.38442211055276376,1.0588235294117647,0.76421428511555,Normal
2025-07-21 17:24:49,0.0,0.19410230388295896,0.45181674565560825,1.0555555555555556,0.8176779182442406,Normal
2025-07-21 17:25:49,0.0,0.1649972967847767,0.49939197405755975,1.0526315789473684,0.9846017739610582,Normal
2025-07-21 17:26:43,0.0,0.5848824684616585,0.9218427035965273,1.05,1.7320292081130535,Normal
2025-07-21 17:27:45,0.0,0.874601864968804,2.643050780028984,1.0476190476190477,3.3014327601896074,Normal
2025-07-21 17:29:56,0.0,0.5212398501662456,0.9208732963149925,1.0434782608695652,0.6461727308650554,Normal
2025-07-21 17:30:57,0.0,0.572565930379508,0.8296730112249878,1.0416666666666667,0.8206141527819566,Normal
2025-07-21 17:31:54,0.0,0.522614064933215,0.4272013600680034,1.04,0.9153857016584988,Normal
2025-07-21 17:34:08,28.0,3.3093437094391853,3.038266488102417,0.0,0.0,loss
2025-07-21 17:36:38,0.0,2.003139470511415,1.2163386550968225,1.0740740740740742,1.091819499836468,Normal
2025-07-21 17:40:52,0.0,1.3460404895588838,1.2674936664628287,1.0714285714285714,0.8536753093387338,Normal
2025-07-21 17:42:21,0.0,0.43148124602099514,0.10570686477937229,1.0689655172413792,0.7136615212108154,Normal
2025-07-21 17:43:51,0.0,0.08392862877401894,0.2709882369190396,1.0666666666666667,0.8212851541602617,Normal
2025-07-21 17:45:18,0.0,0.6955825411450223,0.7072244951976551,1.064516129032258,0.9609270216962524,Normal
2025-07-21 17:46:50,0.0,1.177307612800522,1.2765445414953671,1.0625,0.9333731190587835,Normal
2025-07-21 17:48:28,0.0,0.13556705607309436,0.2998936004427941,1.0606060606060606,0.7003509065084802,Normal
2025-07-21 17:49:56,0.0,0.18261360318489245,0.9437941193400349,1.0588235294117647,1.0700914218313955,Normal
2025-07-21 17:51:26,0.0,0.3626064081443013,0.7073329723265178,1.0571428571428572,0.7263161450168585,Normal
2025-07-21 17:52:57,0.0,0.6887593579168391,0.6418886528437274,1.0555555555555556,0.7422574775876913,Normal
2025-07-21 17:54:34,0.0,0.6171994276020305,0.7753032382506769,1.054054054054054,0.6188577311444735,Normal
2025-07-21 17:56:00,0.0,4.059724797562751,0.8573184719849385,1.0526315789473684,0.6188657022921511,Normal
2025-07-21 17:57:27,0.0,0.7611843958417462,0.9033444404475662,1.0512820512820513,0.7000283853205223,Normal
2025-07-21 17:58:52,0.0,0.4350293906650937,0.32311637562583956,1.05,0.6106910143994851,Normal
2025-07-21 18:00:20,0.0,0.5648504678369449,0.6753801808965313,1.048780487804878,0.9301359253170965,Normal
2025-07-21 18:01:48,0.0,0.48583256958122867,1.5318543241386082,1.0476190476190477,0.6291621339041235,Normal
2025-07-21 18:03:14,0.0,0.20168079198384034,0.34678299524694,1.0465116279069768,0.6114734425545235,Normal
2025-07-21 18:04:43,0.0,4.90868337723403,0.8235020426444146,1.0454545454545454,0.8334500247613518,Normal
2025-07-21 18:06:14,0.0,0.15434387392952073,0.3962820197734632,1.0444444444444443,0.902135499539402,Normal
2025-07-21 18:07:42,0.0,1.5681435850625802,1.376626531253272,1.0434782608695652,0.7585689629877506,Normal
2025-07-21 18:09:24,0.0,0.14943950061171127,0.9986255987363711,1.0425531914893618,0.7011897101929664,Normal
2025-07-21 18:10:54,0.0,0.09758003453519262,0.6758876083899102,1.0416666666666667,0.702720368077127,Normal
2025-07-21 18:12:25,0.0,0.9432940366166942,0.7119520682792895,1.0416666666666667,0.7181622608298835,Normal
2025-07-21 18:13:52,0.0,0.5561255428870644,1.0771599089556085,1.0416666666666667,0.7398742288319972,Normal
2025-07-21 18:15:20,0.0,0.49878285212366513,1.3829476146712338,1.0416666666666667,0.6730999720339322,Normal
2025-07-21 18:16:47,0.0,0.6361827227661431,0.10008040648042016,0.0,0.0,Normal
2025-07-22 10:55:51,0.0,0.39562058476488815,1.2596476413736086,1.0638297872340425,0.8386478886656652,normal
2025-07-22 10:56:54,0.0,0.23808643885898573,0.3471709652249098,1.0638297872340425,0.8125644909317463,normal
2025-07-22 10:57:48,0.0,0.22179834892529615,0.6401665462591658,1.0638297872340425,0.7904351392237909,normal
2025-07-22 10:58:47,0.0,0.16760825674821936,0.9323741007194245,1.0638297872340425,0.7018141249182942,normal
2025-07-22 10:59:45,0.0,0.17914569728108626,0.28499640812113347,1.0638297872340425,0.6491057033801381,normal
2025-07-22 11:00:42,0.0,0.4704390578513303,0.34622384381612514,1.0638297872340425,0.7273397378220123,normal
2025-07-22 11:01:38,0.0,0.6454309443575748,0.6225746233151039,1.0638297872340425,0.7030926687787559,normal
2025-07-22 11:02:32,0.0,0.4100959441153509,0.32056776793867486,1.0638297872340425,0.8475681314382579,normal
2025-07-22 11:03:29,0.0,0.14799601858061012,0.6507848312265592,1.0638297872340425,0.9051273483729804,normal
2025-07-22 11:04:26,0.0,1.458458083309962,0.3623872998670236,1.167728237791932,2.084267709926277,normal
2025-07-22 11:05:36,0.0,0.1742653830901546,0.7702935728657763,1.1410788381742738,0.3902242873737825,normal
2025-07-22 11:06:45,0.0,0.22191283736671288,0.0471578795215553,1.1387163561076605,0.374734013594143,normal
2025-07-22 11:07:50,0.0,0.15889075128705887,0.14130153203468773,1.1363636363636365,3.6624964270027958,normal
2025-07-22 11:13:34,0.0,0.06317278180481514,0.13213991872148395,1.1554621848739497,2.6124245609360117,Normal
2025-07-22 11:16:34,0.0,6.971586586534978,2.034584925857744,1.1530398322851154,3.724821574132026,Normal
2025-07-22 11:18:01,0.0,0.5925382688228983,0.028291719058738996,1.1506276150627615,4.406821735068011,Normal
2025-07-22 11:19:38,25.0,1.5019275309782314,0.1599336678967861,1.1482254697286012,2.3005177788660225,loss
2025-07-22 11:21:07,0.0,4.267659020991757,0.02615048364631333,1.1458333333333335,3.558359755107229,Normal
2025-07-22 11:22:32,0.0,0.04146736768854134,0.03256517647927083,1.1434511434511436,0.5512248254063175,Normal
2025-07-22 11:23:41,0.0,0.26302488214468067,0.05102516157967833,1.1410788381742738,0.5391949683732458,Normal
2025-07-22 11:24:50,0.0,0.4993886572726909,0.15361753549416557,1.1156186612576064,0.506644164905762,Normal
2025-07-22 11:26:01,0.0,0.34872194405563345,0.07437091591754214,1.1133603238866396,0.6355704746022316,Normal
2025-07-22 11:27:11,0.0,0.37329863272355174,0.07594886275915992,1.1111111111111112,0.49577409544300266,Normal
2025-07-22 11:28:21,0.0,0.9099111148609701,0.05226654691515107,1.1088709677419355,0.5082949095206098,Normal
2025-07-22 11:29:30,0.0,0.10308011582447217,0.231526649955721,1.1066398390342054,0.589931658428915,Normal
2025-07-22 11:30:41,0.0,0.4908592228938162,0.04891582656282244,1.104417670682731,0.5874555907619987,Normal
2025-07-22 11:31:51,0.0,0.07652927810497118,0.04366892883151973,1.1022044088176353,0.5810226352888348,Normal
2025-07-22 11:33:01,0.0,0.17028509059378347,0.4119592210513537,1.1,0.5417013721125316,Normal
2025-07-22 11:35:51,0.0,0.060801458706003765,0.2156551029827341,1.097804391217565,0.645513928684656,Normal
2025-07-22 11:37:01,0.0,0.38886976560640607,0.7670067750457005,1.0956175298804782,0.5640606967429003,Normal
2025-07-22 11:38:10,0.0,0.14247621064516236,0.051189076720146144,1.0934393638170974,0.6574723290233623,Normal
2025-07-22 11:39:21,0.0,0.4202288765546762,0.14070911766940675,1.0912698412698412,0.5761363944216512,Normal
2025-07-22 11:40:35,0.0,0.5691386507025783,0.044118664790421924,1.0891089108910892,0.6878003913541394,Normal
2025-07-22 11:41:45,0.0,1.0893596723375245,0.08164859156179555,1.0869565217391306,0.5188075269319924,Normal
2025-07-22 11:42:54,0.0,0.13722183931886148,0.5093094975502879,1.0848126232741617,0.5341447944667612,Normal
2025-07-22 11:46:28,0.0,1.0290309337934778,0.5984980159380842,0.9861932938856015,0.4503838438039257,Normal
2025-07-22 11:46:42,0.0,0.4301797612301967,0.007972013543044183,0.9861932938856015,0.30100796244304323,Normal
2025-07-22 11:46:55,0.0,0.40749491879989314,0.007900441792705047,0.9861932938856015,0.14468945570753067,Normal
2025-07-22 11:47:09,0.0,0.18782808874528026,0.1675074375889277,0.9861932938856015,0.3233545670802373,Normal
2025-07-22 11:47:23,0.0,0.07938609057099229,0.01898868863461507,0.9861932938856015,0.13389092098847394,Normal
2025-07-22 11:47:36,0.0,0.20160914488381915,0.007539591422686631,0.9861932938856015,0.131180820414985,Normal
2025-07-22 11:47:50,0.0,0.4544652466623599,0.004434463944260563,0.9861932938856015,0.40502768430985064,Normal
2025-07-22 11:48:04,0.0,0.11396830448058343,0.01216986958259164,0.9861932938856015,3.9233041025920343,Normal
2025-07-22 11:48:18,0.0,0.13218642474033718,0.07398374588256287,0.9861932938856015,0.4525210039341064,Normal
2025-07-22 11:48:32,0.0,0.22042487661475285,0.033200531208499334,0.9861932938856015,0.6804333622038868,Normal
2025-07-22 11:48:46,0.0,0.9974488970364999,0.005695270484667519,0.9861932938856015,0.36006769119861687,Normal
2025-07-22 11:49:00,0.0,0.5762756793801518,0.00918641064480437,0.9671179883945842,0.3016492791994073,Normal
2025-07-22 11:49:13,0.0,0.4847195854144401,0.3062213321273984,0.9671179883945842,0.1306525423988573,Normal
2025-07-22 11:49:27,0.0,0.6332095816185717,0.013161077358678485,0.9671179883945842,0.1462330823451287,Normal
2025-07-22 11:49:40,0.0,0.7524583564661771,0.021949881104810682,0.9671179883945842,0.3870838692134712,Normal
2025-07-22 11:49:54,0.0,0.5182387275206292,0.09029728645077639,0.9671179883945842,0.19098289052367856,Normal
2025-07-22 11:50:08,0.0,0.20969967102355253,0.021441003607133552,0.9671179883945842,0.594052986395214,Normal
2025-07-22 11:50:22,0.0,0.17157810400856102,0.14783845523899833,0.9671179883945842,0.14991391319194566,Normal
2025-07-22 11:50:49,0.0,0.5079865886431211,0.10372456844869918,0.9671179883945842,0.7725616925043849,Normal
2025-07-22 11:51:03,0.0,0.3926730510309927,0.02020460862194713,0.9671179883945842,0.43302577773176665,Normal
2025-07-22 11:51:16,0.0,1.0397835219423361,0.02180688672120161,0.9671179883945842,0.19573446286040938,Normal
2025-07-22 11:51:30,0.0,0.46969351846409485,0.19602414308654964,0.9689922480620154,0.3646316586473053,Normal
2025-07-22 11:51:43,0.0,1.088199427605301,0.07767869157277943,0.9708737864077669,0.2999808756902945,Normal
2025-07-22 11:51:57,0.0,0.5261221488693831,0.028300377748520383,0.972762645914397,0.8966973822059625,Normal
2025-07-22 11:52:11,0.0,0.19319581934864521,0.02695789552875091,0.9746588693957116,0.4260423043766164,Normal
2025-07-22 11:52:24,0.0,0.17186627616342567,0.2826717969488322,0.9560229445506692,0.19910650953844622,Normal
2025-07-22 11:52:38,0.0,0.7123279258803826,0.05069338236557662,0.9578544061302683,0.24389534037661165,Normal
2025-07-22 11:52:52,0.0,0.5858145057181025,0.04932616929445962,0.9596928982725528,0.491784818549419,Normal
2025-07-22 11:53:06,0.0,1.9652936247144814,0.06344803163548367,0.9615384615384615,0.27321301646453167,Normal
2025-07-22 11:53:19,0.0,2.0051412072903925,4.4219072444878895,0.9633911368015413,0.276097548499303,Normal
2025-07-22 11:53:33,0.0,0.8707676936587295,0.6112848249246458,0.9652509652509653,0.31192316288155747,Normal
2025-07-22 11:53:47,0.0,1.6932242845095815,0.07089382940108893,0.9671179883945842,0.860621789400415,Normal
2025-07-22 11:54:01,0.0,0.8053253540033478,4.326495368674447,0.9689922480620154,0.3526093088857546,Normal
2025-07-22 11:54:15,0.0,1.1153810375942144,0.7283644432841665,0.9708737864077669,0.540357877430067,Normal
2025-07-22 11:54:28,0.0,0.4053215268311977,0.5230209475908932,0.972762645914397,1.2341753671055278,Normal
2025-07-22 11:54:42,0.0,0.9260922475379655,4.1107005542517605,0.9746588693957116,0.6073796378492722,Normal
2025-07-22 11:54:56,0.0,0.3014770511452599,0.04559270516717325,0.9765625,0.23241353813060867,Normal
2025-07-22 11:55:09,0.0,1.187008653650092,0.05881300023013783,0.9784735812133072,1.0187083546899027,Normal
2025-07-22 11:55:23,0.0,0.28652091579538913,0.39940355735435085,0.9803921568627452,0.40577298033376547,Normal
2025-07-22 11:55:37,0.0,0.31808146058401077,0.06448146157979581,0.9823182711198428,0.8307600289322874,Normal
2025-07-22 11:55:51,0.0,0.9151890886278454,0.06362356508555339,0.984251968503937,0.37295557534873647,Normal
2025-07-22 11:56:18,0.0,1.6241973470082844,4.973181780285135,0.9881422924901186,0.47385469689958354,Normal
2025-07-22 11:56:32,0.0,1.6173016767968316,0.5527294071610253,0.9900990099009901,0.3657250428096756,Normal
2025-07-22 11:56:46,0.0,0.7944882156588478,0.06263805096759306,0.9920634920634921,0.3880930492360327,Normal
2025-07-22 11:56:59,0.0,0.9273794533818123,0.08508321138073036,0.9940357852882703,0.3530854788386881,Normal
2025-07-22 11:57:13,0.0,0.20759440563729828,0.06525845783960159,0.9960159362549802,0.7037992161959103,Normal
2025-07-22 11:57:26,0.0,1.3436640196868233,1.0421308834116076,0.9980039920159681,0.40672473665453884,Normal
2025-07-22 11:57:40,0.0,1.1277990263304682,0.36465367547752264,1.0,0.24110052298633267,Normal
2025-07-22 11:57:54,0.0,0.31947094226343575,0.11162239737573465,1.0,0.3863666829544619,Normal
2025-07-22 11:58:07,0.0,0.2293462865743667,0.1547846672129655,1.0,0.5741953438214755,Normal
2025-07-22 11:58:21,0.0,1.1128542858094999,1.4681783958545551,1.0,0.5087871555651985,Normal
2025-07-22 11:58:35,0.0,0.36704015569871173,0.10422456920511396,1.0,2.0539383924409984,Normal
2025-07-22 11:58:48,0.0,0.8921188285607227,0.06743872378028928,1.0,0.44621331957332705,Normal
2025-07-22 11:59:02,0.0,0.2651640599303873,0.9576705064911321,1.0,0.48836238344459953,Normal
2025-07-22 11:59:16,33.0,0.1898531006336045,7.620248254460821,1.0,0.39451188237305523,loss
2025-07-22 11:59:33,25.0,0.779715833253283,0.07378354238670343,1.0,0.4476361004228732,loss
2025-07-22 12:00:19,30.120481927710845,0.0,6.659843056977141,1.0,0.6456162569800242,loss
2025-07-22 12:00:44,14.224137931034484,0.0,0.06995154575854773,1.0,0.9232112601125317,loss
2025-07-22 12:01:05,11.073825503355705,0.0,0.08800337932976628,1.0,2.3875201601690677,loss
2025-07-22 12:01:26,4.984894259818731,0.3072826700455585,5.143245636225652,1.0,1.3879402202125624,loss
2025-07-22 12:01:44,4.532967032967033,0.1737535698310073,0.08223684210526315,1.0,0.766495412641091,loss
2025-07-22 12:02:01,4.156171284634761,1.0745530854486156,0.07000572774136066,1.0,0.5931973391969958,loss
2025-07-22 12:02:19,7.1274298056155505,0.0,44.23658386941523,1.0,0.6474467211244467,loss
2025-07-22 12:02:47,6.238185255198488,0.0,0.008826904404625299,1.0,0.8944751506365243,loss
2025-07-22 12:03:19,7.94912559618442,0.0,0.00809109097328469,1.0,0.5223931585000627,loss
2025-07-22 12:03:56,6.858710562414266,0.0,1.2838627773036013,1.0,0.811832608412245,loss
2025-07-22 12:04:33,2.1653543307086616,0.30171683721934667,0.017210407994234515,1.0,4.733581920027481,loss
2025-07-22 12:05:01,2.0754716981132075,1.0509594069212618,6.341626848192982,1.0,2.5659054711262392,loss
2025-07-22 12:05:20,5.5865921787709505,0.0,0.031170605023009862,1.0,0.7835308260346902,loss
2025-07-22 12:05:45,3.433922996878252,0.0,0.008303643889614805,1.0,0.6836638338054769,loss
2025-07-22 12:06:18,3.213242453748783,0.0,21.408487555038647,1.0,1.1110053366334969,loss
2025-07-22 12:06:46,3.019213174748399,0.0,0.020780858679412255,1.0,0.5702243356388788,loss
2025-07-22 12:07:08,4.191114836546522,0.0,3.175879498211375,1.0,0.6654008606722795,loss
2025-07-22 12:07:34,3.8669760247486464,0.0,0.008896259542497264,1.0,0.687942939697635,loss
2025-07-22 12:07:59,3.589375448671931,0.0,7.473146758692768,1.0,0.544842504656032,loss
2025-07-22 12:08:28,0.0,0.448750014323216,0.00392636705392544,1.0,2.7453426480372594,normal
2025-07-22 12:08:41,0.0,3.6083272559397686,0.002868716077432384,1.0,1.6155220444092078,normal
2025-07-22 12:08:55,0.0,0.4224745349104588,0.004735881333164946,1.0,0.6010222538470312,normal
2025-07-22 12:09:09,0.0,1.486933495132451,0.22687853426180182,1.0,0.6262990315305356,normal
2025-07-22 12:09:22,0.0,1.5588902609969784,0.0031578750945568277,1.0,0.7336035067405507,normal
2025-07-22 12:09:36,0.0,1.7050548927141285,0.38318491095369994,1.0,2.8655692221345626,normal
2025-07-22 12:09:50,0.0,1.3443391784492247,0.014330549451803011,1.0,0.5432587887320869,latency
2025-07-22 12:10:17,0.0,4.602891461164357,0.9708076366548193,1.0,0.6837303321678321,latency
2025-07-22 12:10:32,0.0,0.9052435843275493,0.004565575002563746,1.0,0.39321528466768685,latency
2025-07-22 12:11:00,0.0,1.4280927502521856,0.0026701256504917947,1.0,1.0233835512708944,latency
2025-07-22 12:11:14,0.0,1.6330516644628463,1.5259650456651803,1.0,1.4690291030401936,latency
2025-07-22 12:11:29,0.0,3.6055323819531186,0.003270694981799945,1.0,0.6020827912281381,latency
2025-07-22 12:11:44,0.0,1.6415045643163504,0.0023279890009366734,1.0,0.510561423012785,latency
2025-07-22 12:11:58,0.0,1.5869625014445592,0.0018494873495065295,1.0,2.353605774379404,latency
2025-07-22 12:12:12,0.0,0.6012489427269133,1.1928723220721833,1.0,0.6253507576364947,latency
2025-07-22 12:12:27,0.0,0.9107731773807074,1.1768239726787733,1.0,0.6755246095371937,latency
2025-07-22 12:12:42,0.0,1.2370669450174059,0.009401797571463456,1.0,1.9472532054623162,latency
2025-07-22 12:12:56,0.0,9.319588174500387,0.012020063053069885,1.0,1.1692312439571289,latency
2025-07-22 12:13:10,0.0,1.6337745147726175,0.0030709119301661554,1.0,0.48513598663954965,normal
2025-07-22 12:13:24,0.0,1.3030419528271486,0.23342026704475244,1.0,0.6773022155126688,normal
2025-07-22 12:13:37,0.0,0.2273881053526915,0.004682689268446869,1.0,0.474690836469775,normal
2025-07-22 12:13:51,0.0,1.8779134476782935,0.002668690532136892,1.0,0.6234133158627466,normal
2025-07-22 12:14:05,0.0,1.1827896959405857,0.05897046795374427,1.0,1.736820490426953,normal
2025-07-22 12:14:18,0.0,1.5312913062812992,0.028267494980082786,1.0,0.7098703061769078,normal
2025-07-22 12:14:32,0.0,0.21581327346163737,0.26348808030112925,1.0,0.34504848907823876,normal
2025-07-22 12:14:46,0.0,1.2169357035507624,0.0046149926160118145,1.0,0.6759631047613118,normal
2025-07-22 12:14:59,0.0,1.674079309677548,0.005004738252189411,1.0,0.6343859939144405,normal
2025-07-22 12:15:13,0.0,0.3653178279362977,0.0017549561260968478,1.0,1.27932157268011,normal
2025-07-22 12:15:27,0.0,1.296484433258347,0.0029255353729732547,1.0,0.808580943018462,normal
2025-07-22 12:15:40,0.0,1.5008055148477009,0.029909461838661312,1.0,0.5301227164538963,normal
2025-07-22 12:15:54,0.0,0.4287071976460296,0.004048768064362352,1.0,1.4766956583622657,normal
2025-07-22 12:16:08,0.0,1.0515722944068828,0.0036569231432299256,1.0,0.7203214467197872,normal
2025-07-22 12:16:21,0.0,1.0729992063317046,0.0016394668191589401,1.0,0.4942396436145837,normal
2025-07-22 12:16:35,0.0,0.21245011078408033,0.006623020307098304,1.0,2.084899059268666,normal
2025-07-22 12:16:48,0.0,1.1548787379609944,0.21189954720756232,1.0,0.6357050452781372,normal
2025-07-22 12:17:02,0.0,0.8950881442925904,0.016474621464622415,1.0,1.4621339582073167,normal
2025-07-22 12:17:16,0.0,0.9609706790184455,0.004666213377367151,1.0,1.3364171149881843,normal
2025-07-22 12:17:29,0.0,1.108456270192522,0.03854118291930904,1.0,2.5742355030782043,normal
2025-07-22 12:17:43,0.0,1.3027637566937662,0.02063780460049454,1.0,0.6401983916791063,normal
2025-07-22 12:17:57,0.0,1.1237338362550804,0.3136250531974036,1.0,0.7491652970302147,normal
2025-07-22 12:18:11,0.0,1.1652097000507637,0.004987697014032054,1.0,0.6127470732663904,normal
2025-07-22 12:18:24,0.0,1.1167563127733617,0.004989262690917255,1.0,1.4618999931117436,normal
2025-07-22 12:18:39,0.0,0.2595484671079087,0.00509324801623187,1.0,1.5099666130183185,normal
2025-07-22 12:18:52,0.0,1.681587607409031,0.7293833210548382,1.0,0.8911641026980437,normal
2025-07-22 12:19:06,0.0,1.4187300518435102,0.1707295286971774,1.0,0.5241933377560242,normal
2025-07-22 12:19:20,12.406015037593985,0.0,0.014626964449282798,1.0,0.8128664401912382,loss
2025-07-22 12:19:52,18.796992481203006,0.0,27.51820329439177,1.0,0.9525138509881751,loss
2025-07-22 12:20:25,0.0,0.9009011730774118,0.005851603339314972,1.0,0.5831377504964795,latency
2025-07-22 12:20:39,0.0,0.6249283837822186,0.005155242463592842,1.0,1.0413838988689288,latency
2025-07-22 12:20:53,14.224137931034484,0.0,2.676143272779069,1.0,0.49040151964599654,loss
2025-07-22 12:21:16,6.226415094339623,1.5587634918983146,0.008572754993300062,1.0,0.8547633358783999,latency
2025-07-22 12:21:33,0.0,0.5031856369233542,2.613175415907206,1.0,0.6180693927055358,latency
2025-07-22 12:21:48,5.5369127516778525,0.641909131668275,0.008949053417025888,1.0,0.5973576220769916,latency
2025-07-22 12:22:06,0.0,1.10359882032567,2.2901842974118383,1.0,0.4936248451177105,latency
2025-07-22 12:22:21,4.984894259818731,1.1347936243944354,0.028527470491135756,1.0,5.045800099700897,latency
2025-07-22 12:22:39,0.0,0.771814115536751,0.021814849209424992,1.0,0.5791114575214341,latency
2025-07-22 12:22:53,4.532967032967033,0.8113634999656892,0.005170356956400019,1.0,0.632085622651121,latency
2025-07-22 12:23:11,0.0,1.9311666475732157,2.123388920020869,1.0,0.5489497452044578,latency
2025-07-22 12:23:40,4.156171284634761,3.816732505680147,0.025822955883772564,1.0,7.452201559165543,latency
2025-07-22 12:24:02,3.8372093023255816,0.24787773115666104,7.642963817872558,1.0,1.6009528042565495,latency
2025-07-22 12:24:22,3.5637149028077753,1.5381802671834963,0.031106416346421792,1.0,2.138687348844967,latency
2025-07-22 12:25:08,0.0,0.20202492290998442,2.65029920502724,1.0,0.5801969127293368,latency
2025-07-22 12:25:22,6.238185255198488,0.0,2.3514543622435,1.0,0.3082965650016937,loss
2025-07-22 12:25:45,0.0,1.1299294285679284,0.004533330521965568,1.0,1.8839733315145106,latency
2025-07-22 12:25:59,2.9359430604982206,0.22847443152689864,0.004429230389582451,1.0,1.205662626579728,latency
2025-07-22 12:26:17,0.0,1.0839688050830751,1.7771444032818835,1.0,0.5228567317539717,latency
2025-07-22 12:26:32,5.254777070063694,0.0,0.0044057286767854986,1.0,1.2805328150869744,loss
2025-07-22 12:26:53,2.496217851739788,0.6160353603324069,0.004713356217019315,1.0,1.3914766691182479,latency
2025-07-22 12:27:11,2.3775216138328528,1.2913923616095793,2.1857404079264815,1.0,0.9504087061081218,latency
2025-07-22 12:27:30,0.0,0.8957985575508657,2.1956878395272614,1.0,0.380738434347397,latency
2025-07-22 12:27:45,2.269601100412655,1.1828142144930514,0.005165813211708175,1.0,0.7203988127827565,latency
2025-07-22 12:28:02,2.1710526315789473,0.3871442847452618,0.004731962704562748,1.0,0.5408658767267993,latency
2025-07-22 12:28:20,2.080706179066835,0.76299883567694,1.595490256806857,1.0,1.0378757791160427,latency
2025-07-22 12:28:39,0.0,0.7103207688819125,0.016124244634107908,1.0,0.6313100694360243,latency
2025-07-22 12:28:53,1.9975786924939467,2.2566304738834106,1.6091990714385784,1.0,0.4254301321470626,latency
2025-07-22 12:29:12,1.9208381839348079,1.611087823843069,1.5264944273840515,1.0,1.1178149865360085,latency
2025-07-22 12:29:30,0.0,1.4050540803666005,1.531528826570186,1.0,0.4307256350571805,latency
2025-07-22 12:29:45,1.8497757847533634,0.26355106519697447,0.020594179601256663,1.0,0.49766048267936297,latency
2025-07-22 12:30:02,0.0,5.380008717614582,0.013504726654329016,1.0,1.9413776179968958,latency
2025-07-22 12:30:16,0.0,1.0896786724618535,0.008335208755303277,1.0,0.31318158939656615,normal
2025-07-22 12:30:30,0.0,0.8049594843445245,0.2784672446582207,1.0,0.4115841178878428,normal
2025-07-22 12:30:44,0.0,0.28832235757203645,0.002417041308069417,1.0,0.4157935957944979,normal
2025-07-22 12:30:58,0.0,0.2270530658644126,0.004501590561998573,1.0,0.4381345666318379,normal
2025-07-22 12:31:11,0.0,0.21747160483854494,0.017001615153439575,1.0,0.5146408257847062,normal
2025-07-22 12:31:25,0.0,2.399987000085368,0.0037526080626035093,1.0,0.5176290797947822,normal
2025-07-22 12:31:39,0.0,1.0376372432645333,0.23422839967452136,1.0,0.6007795075921246,normal
2025-07-22 12:31:52,0.0,1.246741737962226,0.005425863505308165,1.0,1.9729271844866314,normal
2025-07-22 12:32:06,0.0,2.147986215065631,0.01769181853535109,1.0,0.5652842953976066,normal
2025-07-22 12:32:20,0.0,1.0255708861648014,0.005841423705164986,1.0,1.5246583931960593,normal
2025-07-22 12:32:34,0.0,0.87085889392645,0.026858311563087003,1.0,0.46960393458874405,normal
2025-07-22 12:32:47,0.0,0.3676586941813479,0.0244904805837457,1.0,0.4330911748269784,normal
2025-07-22 12:33:01,0.0,0.5494771178534229,0.004199147069247295,1.0,0.5412894011074557,normal
2025-07-22 12:33:14,0.0,0.3509281602289263,0.0035273961097860044,1.0,0.5016074679474763,normal
2025-07-22 12:33:28,0.0,0.9773333482707293,0.006465225900870455,1.0,0.5156892447522181,normal
2025-07-22 12:33:42,0.0,0.33186624427741385,1.274002108061042,1.0,0.348316362405271,normal
2025-07-22 12:33:55,0.0,0.359624271018435,4.597488873686757,1.0,0.7487256658722011,DNS
2025-07-22 12:34:10,0.0,1.2848609980785122,8.072204260963277,1.0,0.563234382652641,DNS
2025-07-22 12:34:53,0.0,0.8870104409619394,3.9886559528443524,1.0,0.90622503586246,DNS
2025-07-22 12:35:49,0.0,0.361220141115996,6.88932417627537,1.0,0.5312394079764998,DNS
2025-07-22 12:36:18,0.0,0.25848629924341776,0.0057104293204589115,1.0,1.424969455134512,normal
2025-07-22 12:36:32,0.0,1.337639604418971,0.0025966687855483958,1.0,0.45243881457266977,normal
2025-07-22 12:36:46,0.0,1.4838707442402423,0.0424564912203869,1.0,0.6775307278000277,normal
2025-07-22 12:36:59,0.0,0.4089877527956649,0.004138720161653541,1.0,0.5928270530506434,normal
2025-07-22 12:37:13,0.0,1.283896070826194,0.005235002934036528,1.0,0.4391160491809975,normal
2025-07-22 12:37:27,0.0,0.5585044044666793,0.006452146982343031,1.0,0.7733440161635866,normal
2025-07-22 12:37:40,0.0,1.1925494370656853,0.005053934552843421,1.0,2.5265763797873886,normal
2025-07-22 12:37:54,0.0,0.9037358304518467,7.835284238265574,1.0,0.7973373931790148,DNS
2025-07-22 12:38:10,0.0,0.43582293415204304,0.006495088089632217,1.0,2.9520599539238916,normal
2025-07-22 12:38:24,0.0,0.46126028693695703,0.021102183264345424,1.0,2.245832768667841,normal
2025-07-22 12:38:38,0.0,0.12425309733339432,0.00567892105333111,1.0,0.5979685896844311,normal
2025-07-22 12:38:51,0.0,1.505952384695883,12.553983268354314,1.0,1.4642549526270454,DNS
2025-07-22 12:39:09,0.0,1.6036809120813693,6.484340538156153,1.0,0.5454290914181716,DNS
2025-07-22 12:39:39,0.0,0.9632066760180741,0.0035644935703325496,1.0,1.5169467483270196,normal
2025-07-22 12:39:53,0.0,1.365610200222677,0.0035645722258716645,1.0,0.5315357285182669,normal
2025-07-22 12:40:07,0.0,0.9665517646863246,5.956626606913485,1.0,0.8264648038056602,DNS
2025-07-22 12:40:37,0.0,1.08863373803964,0.0042225644632045735,1.0,0.6076432763316767,normal
2025-07-22 12:40:50,0.0,2.1109987049732615,4.940422557865773,1.0,0.7326386750354142,DNS
2025-07-22 12:41:06,0.0,0.38728850187158337,0.003577561534058386,1.0,1.3689084696996943,normal
2025-07-22 12:41:20,0.0,0.37420357472792787,4.665909353721831,1.0,0.5743055204169407,DNS
2025-07-22 12:41:35,0.0,0.20863202972806524,0.0027896887659913804,1.0,0.4988431804074262,normal
2025-07-22 12:41:49,0.0,1.335914404459223,0.0029942931494655865,1.0,0.44296231417479404,normal
2025-07-22 12:42:02,0.0,1.1446922813162035,0.011635787599924875,1.0,0.8664005635125618,normal
2025-07-22 12:42:16,0.0,1.1790574382028318,4.226737673423155,1.0,0.7074049131847862,DNS
2025-07-22 12:42:32,0.0,1.663340851518543,0.00237799032283096,1.0,1.2253144944963463,normal
2025-07-22 12:42:46,0.0,0.4259332413727557,0.005694397338776593,1.0,0.39971436533370486,normal
2025-07-22 12:43:00,0.0,0.4225109205043187,0.0033797273936919266,1.0,0.6613164730562934,normal
2025-07-22 12:43:13,0.0,0.32700949747651636,0.0023157623301826445,1.0,1.411753253817832,normal
2025-07-22 12:43:27,0.0,1.078454323342443,4.094915825032321,1.0,2.149124760589729,DNS
2025-07-22 12:43:43,0.0,4.934925309860737,0.002422033585532386,1.0,0.6132923505190512,normal
2025-07-22 12:43:57,0.0,1.0768981991404496,8.912963517710272,1.0,0.5655047901924813,DNS
2025-07-22 12:44:16,0.0,0.8787904269409829,3.0330434627732283,1.0,0.7799359530721575,DNS
2025-07-22 12:44:32,0.0,0.14239713473565818,2.9977616645913425,1.0,0.7912582528444705,DNS
2025-07-22 12:44:48,0.0,0.6699347873002846,0.0023451470114032773,1.0,0.4772648385977091,normal
2025-07-22 12:45:02,0.0,0.35167608999101185,0.002847635583049198,1.0,2.3230953746675707,normal
2025-07-22 12:45:15,0.0,2.5486512438474294,0.017582770893983427,1.0,0.4502092439860544,normal
2025-07-22 12:45:29,0.0,0.15802292466991866,0.001800142336835936,1.0,0.35571964369432724,normal
2025-07-22 12:45:42,0.0,0.6893605480724301,0.019478613999642472,1.0,0.9244043920821744,normal
2025-07-22 12:45:56,0.0,0.5655532270072249,0.011209359554545266,1.0,1.3678302011837047,normal
2025-07-22 12:46:10,0.0,0.7698257690418628,0.0027295278471982554,1.0,0.7653487420858274,normal
2025-07-22 12:46:24,0.0,1.4353748472709178,0.0026374724684891443,1.0,0.5326821807817307,normal
2025-07-22 12:46:37,0.0,1.5541091707932508,0.0024524025678968474,1.0,0.5950026754763511,normal
2025-07-22 12:46:51,0.0,1.1847066213359572,0.15701335877862593,1.0,0.750002936581584,normal
2025-07-22 12:47:05,0.0,1.0048397300963223,0.002385487078293594,1.0,0.5231645130364715,normal
2025-07-22 12:47:18,0.0,0.5702933104259496,0.025417456690179804,1.0,2.2120202751629257,normal
2025-07-22 12:47:32,0.0,6.587883293358634,0.002622836994018978,1.0,1.3879391277135802,latency
2025-07-22 12:47:46,0.0,1.402969692885945,0.009286946227560799,1.0,0.6640656703266125,normal
2025-07-22 12:48:00,0.0,0.08759746134138878,1.1350964789617417,1.0,0.6115943532721163,normal
2025-07-22 12:48:15,0.0,0.9391243080695936,0.0019449703067866498,1.0,0.47554468521073795,normal
2025-07-22 12:48:29,0.0,0.4946309167046648,0.002094547891837547,1.0,0.6904912191697586,normal
2025-07-22 12:48:42,0.0,0.870014979158323,0.0027436648777971664,1.0,0.8030460978497093,normal
2025-07-22 12:48:56,0.0,0.7230876556830778,0.5125141336388008,1.0,0.6397278655335576,normal
2025-07-22 12:49:11,0.0,1.7534544002626862,0.23740887695920065,1.0,2.048074075761372,normal
2025-07-22 12:49:25,0.0,0.281843964611379,0.002899408225866849,1.0,0.7445002677238913,normal
2025-07-22 12:49:38,0.0,0.9702046393422697,0.014984548719435204,1.0,0.6872842057884668,normal
2025-07-22 12:49:52,0.0,0.3612300975655115,0.16772258118654024,1.0,0.6722339445451574,normal
2025-07-22 12:50:06,0.0,2.283217111895924,0.011903126379740146,1.0,0.839591253269412,normal
2025-07-22 12:50:20,0.0,0.3840731321040488,0.01588629814649369,1.0,0.6189253323798068,normal
2025-07-22 12:50:34,0.0,1.6535567853408168,0.004875757315208798,1.0,0.6786034951658447,normal
2025-07-22 12:50:47,0.0,0.9325484946343205,0.01613015996457498,1.0,0.9630452462658441,normal
2025-07-22 12:51:01,0.0,0.4201019905588144,0.03286042500392007,1.0,0.7904330571102717,normal
2025-07-22 12:51:15,0.0,0.8169333175586774,0.003272376236003774,1.0,2.0020303003045448,normal
2025-07-22 12:51:29,0.0,0.23560340851410738,0.0036131945684823082,1.0,1.5631954074886316,normal
2025-07-22 12:51:42,0.0,0.9566571845698706,0.004499302608095745,1.0,0.8590150046849528,normal
2025-07-22 12:51:56,0.0,0.3241286900610317,0.19881563772591476,1.0,0.8671560623786688,normal
2025-07-22 12:52:10,0.0,0.9186248046969469,0.004570369986684988,1.0,0.9464465709311307,normal
2025-07-22 12:52:23,0.0,0.9087606662515845,0.027105099261005357,1.0,0.752681140465603,normal
2025-07-22 12:52:37,33.0,1.3676407697367325,0.011575985278070487,1.0,2.2474694523342036,loss
2025-07-22 12:52:55,0.0,0.14478938560292043,0.0050218493002606255,1.0,2.157695613710371,normal
2025-07-22 12:53:08,0.0,1.9988961472118285,0.03803680036361255,1.0,0.6526743653596452,normal
2025-07-22 12:53:22,0.0,1.1544161089229266,0.006740322341472433,1.0,0.8587476933818762,normal
2025-07-22 12:53:36,0.0,0.2070112197233705,0.003466504896438166,1.0,0.5464718952865242,normal
2025-07-22 12:53:49,0.0,1.513101839114694,0.03349812872522294,1.0,1.3426545811300266,normal
2025-07-22 12:54:03,0.0,1.0558746576544058,0.0740233339225738,1.0,0.47431443107085247,normal
2025-07-22 12:54:17,0.0,0.6783421325621828,0.017230790981669093,1.0,4.290715488166455,normal
2025-07-22 12:54:31,0.0,1.1517062099971458,0.004750016569825243,1.0,0.5737985639072867,normal
2025-07-22 12:54:44,0.0,1.7652167292259666,0.003203676494956971,1.0,0.30954775044429894,normal
2025-07-22 12:54:58,0.0,0.28936008857686357,0.36368900860745274,1.0,2.1380498542173254,normal
2025-07-22 12:55:12,0.0,1.2104111216665345,0.19888201651095985,1.0,0.4636212644433557,normal
2025-07-22 12:55:25,0.0,1.0640983183268244,0.010350681074814723,1.0,0.35387915237231204,normal
2025-07-22 12:55:39,0.0,0.11037128777920575,0.009070569027030295,1.0,2.2939637721928667,normal
2025-07-22 12:55:52,0.0,0.1779623460437355,0.02032520325203252,1.0,2.3207426376440465,normal
2025-07-22 12:56:06,0.0,0.4081666915219524,6.873706915525817,1.0,2.002615795464495,DNS
2025-07-22 12:56:21,0.0,1.3262731781919344,0.03302025242148518,1.0,0.4862781543844303,normal
2025-07-22 12:56:34,0.0,0.34812601855764075,0.16836988667974584,1.0,0.7864555195389878,normal
2025-07-22 12:56:48,0.0,2.5123047084843932,5.346664912511511,1.0,2.5848981437615746,DNS
2025-07-22 12:57:17,0.0,0.4738761954420469,0.03901135957894179,1.0,0.4713460754683025,normal
2025-07-22 12:57:31,25.0,1.578836474203985,0.4764345608916226,1.0,1.234107000068841,normal
2025-07-22 12:57:48,0.0,0.6327893271738089,0.031547814656588895,1.0,1.2260038561488809,normal
2025-07-22 12:58:02,0.0,0.28136862893262177,0.19001939508308432,1.0,0.6876725051001508,normal
2025-07-22 12:58:15,0.0,1.054478191582578,0.03145354704271129,1.0,0.7206790444310457,normal
2025-07-22 12:58:29,0.0,1.2205836217863868,0.33467566390944714,1.0,0.4928960380547036,normal
2025-07-22 12:58:43,0.0,0.19774237580264722,0.0408085534728079,1.0,0.41972717733473236,normal
2025-07-22 12:58:56,0.0,1.6428436360122278,0.25492468134414836,1.0,1.1542424918464693,normal
2025-07-22 12:59:10,0.0,0.3361215715340147,0.299693526077405,1.0,1.4339109212288699,normal
2025-07-22 12:59:24,0.0,1.396301703805841,0.03192631135625688,1.0,0.5142226724727772,normal
2025-07-22 12:59:38,0.0,0.7713446074216955,0.6636910537550942,1.0,0.8155414604286937,normal
2025-07-22 12:59:52,0.0,0.4982170390639749,0.03396343593525599,1.0,0.7726003280080063,normal
2025-07-22 13:00:05,0.0,1.0022232631936496,0.04463419367358821,1.0,0.5282882201961988,normal
2025-07-22 13:00:19,0.0,0.6241091412629078,0.052397678976886804,1.0,0.654285173740304,normal
2025-07-22 13:00:32,0.0,2.0919379886753244,0.6275196774812825,1.0,0.5036205952932261,normal
2025-07-22 13:00:46,0.0,2.5064247668359974,0.06506004499986445,1.0,0.5720557781418459,normal
2025-07-22 13:01:00,0.0,1.0835790044088236,0.07996963864566672,1.0,0.6994916720744105,normal
2025-07-22 13:01:13,0.0,0.7331936601523373,0.325874429719748,1.0,3.7459407154473197,normal
2025-07-22 13:01:27,0.0,1.0874096779179196,0.07868404643843345,1.0,1.441632904966205,normal
2025-07-22 13:01:41,0.0,1.2650554916350785,3.518230324588706,1.0,0.41771303364716006,normal
2025-07-22 13:01:55,0.0,1.063952495782357,0.08812667860340198,1.0,0.9719243855209266,normal
2025-07-22 13:02:08,0.0,1.4588023759032818,0.08820070560564486,1.0,1.2464502151828323,normal
2025-07-22 13:02:22,0.0,0.9871482143233776,0.04086809470124013,1.0,0.49497914716563174,normal
2025-07-22 13:02:35,0.0,0.14099634608742131,0.7569788383610985,1.0,0.5434915901053138,normal
2025-07-22 13:02:49,0.0,0.9543081037385719,0.9454826937963067,1.0,1.9468299277384968,normal
2025-07-22 13:03:03,0.0,0.28314895567004733,0.07326108592281323,1.0,0.5784045878559649,normal
2025-07-22 13:03:16,0.0,0.9971226571629578,0.05809450038729666,1.0,1.409235900369397,normal
2025-07-22 13:03:30,0.0,1.1474495660091235,0.18862319916827566,1.0,0.32064734648459237,normal
2025-07-22 13:03:44,0.0,0.28209565488730004,4.374507833926196,1.0,0.5706231831573179,normal
2025-07-22 13:03:57,0.0,0.4829319645372813,0.44027721157766003,1.0,0.44493500122639196,normal
2025-07-22 13:04:11,0.0,2.2895842305770917,0.5663583160279403,1.0,0.6624276645037058,normal
2025-07-22 13:04:25,0.0,1.0945379185075426,0.07282731833630038,1.0,0.8939274146241932,normal
2025-07-22 13:04:38,0.0,0.5480073587650114,0.046305123525726584,1.0,0.5698267074413863,normal
2025-07-22 13:04:52,0.0,1.38435589403084,0.8662071924696292,1.0,0.4365894777836422,normal
2025-07-22 13:05:05,0.0,0.4340993671724787,0.2723122513815842,1.0,0.5560725681093022,normal
2025-07-22 13:05:19,0.0,0.26552348427548855,0.06324685111422111,1.0,0.47808476033605785,normal
2025-07-22 13:05:33,0.0,2.592081469501993,0.05885734621807331,1.0,0.9038290978626978,normal
2025-07-22 13:05:47,0.0,1.4540601041425383,3.2744977133754687,1.0,1.9145951884462982,normal
2025-07-22 13:06:00,0.0,0.4093510817208848,0.531847214800112,1.0,1.0156988441046166,normal
2025-07-22 13:06:14,0.0,0.9446303109163223,0.4492226933171815,1.0,0.6630896677478005,normal
2025-07-22 13:06:28,0.0,1.1947615456518068,0.07562632346066057,1.0,1.2851429087413087,normal
2025-07-22 13:06:41,0.0,2.0363705929686273,0.06165935358054432,1.0,2.771988223033884,normal
2025-07-22 13:06:55,0.0,2.213467208319118,2.5867473491972635,1.0,0.503040409485473,normal
2025-07-22 13:07:09,0.0,1.6605437872846467,0.0640361872581612,1.0,0.6028749306667911,normal
2025-07-22 13:07:23,0.0,0.23481420877879952,0.05996347679140887,1.0,0.658706956907471,normal
2025-07-22 13:07:37,0.0,1.5364903647293853,0.660983890775121,1.0,0.7114071880911259,normal
2025-07-22 13:07:50,0.0,0.3941505651736844,0.5810627190159479,1.0,0.4260037988998562,normal
2025-07-22 13:08:04,0.0,0.21957797172805513,0.0773965945498398,1.0,1.9363413706059844,normal
2025-07-22 13:08:18,0.0,1.1620558869399449,0.12183359561399056,1.0,0.4831769373240895,normal
2025-07-22 13:08:32,0.0,2.0802964326312714,0.1446627074767778,1.0,0.8869941605507713,normal
2025-07-22 13:08:45,0.0,1.0216446966994979,7.08355182660374,1.0,0.6756297763939995,normal
2025-07-22 13:09:15,0.0,0.4221416130388881,0.09323583180987204,1.0,0.0,normal
2025-07-22 13:09:31,0.0,0.9958226441093809,13.341281023084427,1.0,0.0,DNS
2025-07-22 13:09:47,0.0,0.35015795586116055,0.060967348597750985,1.0,0.0,normal
2025-07-22 13:10:02,0.0,0.9521358165277931,0.04527245788289525,1.0,0.0,normal
2025-07-22 13:10:18,0.0,2.2427812110486407,0.08642212406376032,1.0,0.0,normal
2025-07-22 13:10:34,0.0,1.8351431303206238,3.172460344245697,1.0,0.0,normal
2025-07-22 13:10:58,0.0,0.7892205108762528,10.2801886005174,1.0,1.5612983119337807,DNS
2025-07-22 13:11:12,0.0,0.616882003940955,0.07506724774276956,1.0,1.3306946470221612,normal
2025-07-22 13:11:25,0.0,0.26010692583151324,0.06232569931547367,1.0,1.0725786792912768,normal
2025-07-22 13:11:39,0.0,1.030615139291227,0.05913036132874369,1.0,0.8730847065625903,normal
2025-07-22 13:11:53,0.0,0.7172855830286665,0.3213408102829059,1.0,1.3975705428318361,normal
2025-07-22 13:12:07,0.0,1.9158200401169405,6.1546971512860695,1.0,0.5857166452793271,normal
2025-07-22 13:12:20,0.0,1.1628929326753865,0.056719915199077604,1.0,1.6708520848355255,normal
2025-07-22 13:12:34,0.0,0.8630439679588126,0.05299170726265292,1.0,0.7357367607722909,normal
2025-07-22 13:12:48,0.0,0.44915226177394196,0.06135083381360502,1.0,1.2196322642577597,normal
2025-07-22 13:13:01,0.0,1.9521695626016418,0.044778625669347163,1.0,0.6916257209997864,normal
2025-07-22 13:13:15,0.0,0.37826337311955255,5.538579067990833,1.0,0.7318425050294927,normal
2025-07-22 13:13:29,0.0,1.0603972591336592,2.623365529929693,1.0,0.7926019278585782,normal
2025-07-22 13:13:43,0.0,0.3900792095577422,2.572841277763913,1.0,0.5852160318755967,normal
2025-07-22 13:13:57,0.0,1.2427712901253485,0.039781591263650544,1.0,1.5784831839109994,normal
2025-07-22 13:18:35,0.0,1.8718946065214617,1.036036710433728,1.0,1.8531041119404925,normal
2025-07-22 13:18:45,0.0,0.28782356976017526,0.0287239028225014,1.0,3.083587027180104,traceroute
2025-07-22 13:18:55,0.0,0.8979760310024963,0.03628556741556046,1.0,3.865426128483738,traceroute
2025-07-22 13:19:05,0.0,0.45662647565940434,3.192935744735091,1.0,3.335355114133414,traceroute
2025-07-22 13:19:15,0.0,2.37176403766423,0.03969491621537328,1.0,1.0125583725362615,normal
2025-07-22 13:19:35,0.0,9.778440580190551,2.1724084353856803,1.0,2.4327890483259114,normal
2025-07-22 13:19:45,0.0,0.20545343419777057,0.028402232415467854,1.0,1.7044477224512775,normal
2025-07-22 13:19:55,0.0,0.5923701033751695,0.03337594091748331,1.0,1.0817563671686294,normal
2025-07-22 13:20:04,0.0,0.6396581330692399,0.22068809416025353,1.0,2.4597741355186886,normal
2025-07-22 13:20:15,0.0,0.8192763653922974,0.044220015976263835,1.0,2.90901064683182,normal
2025-07-22 13:20:25,0.0,0.8922658806355244,2.2462698803082475,1.0,2.7834267105698203,normal
2025-07-22 13:20:35,0.0,1.26606549730905,0.03347451837682743,1.0,1.743207024844392,normal
2025-07-22 13:20:45,0.0,1.2054247779883327,2.0781194722153065,1.0,1.78606125242337,normal
2025-07-22 13:20:55,0.0,1.44643554414578,0.04942919437184296,1.0,2.8640440234399613,normal
2025-07-22 13:21:06,0.0,0.7565868182400384,0.02790406446519478,1.0,1.5372231901571367,normal
2025-07-22 13:21:15,0.0,0.7802647293986231,0.03690339511235034,1.0,2.580913850547358,normal
2025-07-22 13:21:26,0.0,1.0450465926280659,1.586649890735713,1.0,2.936149641426984,normal
2025-07-22 13:21:36,0.0,0.9984710305634319,0.030460348572336704,1.0,4.376932305428396,normal
2025-07-22 13:21:47,0.0,0.7336173635111236,0.04479070525001358,1.0,1.9977006901434613,normal
2025-07-22 13:21:57,0.0,0.9239323392390931,2.0900300620762353,1.0,1.4617545857790248,normal
2025-07-22 13:22:07,0.0,0.7772004044754436,0.03448275862068966,1.0,1.6329085116067363,normal
2025-07-22 13:22:17,0.0,0.9872768190935204,0.16160141792211855,1.0,1.2344622071486195,normal
2025-07-22 13:22:27,0.0,0.8134953589969861,0.03139101432215028,1.0,1.7112034521336101,normal
2025-07-22 13:22:37,0.0,1.581106861149809,0.0562106198854872,1.0,1.956185469773759,normal
2025-07-22 13:22:47,0.0,0.2144153560008286,0.6168852141334539,1.0,1.6013989865609166,normal
2025-07-22 13:22:57,0.0,0.2939564713459377,0.024552244592045074,1.0,0.8152256495973256,normal
2025-07-22 13:23:07,0.0,2.686154596779018,0.05590957468306681,1.0,1.9336146719873808,normal
2025-07-22 13:23:18,0.0,2.3159977537387166,0.03980085101455987,1.0,2.0271739283889056,normal
2025-07-22 13:23:28,0.0,0.48486606075151273,1.9807764532417131,1.0,1.2982530445209624,normal
2025-07-22 13:23:38,0.0,0.30369344524831055,2.573040407283401,1.0,1.597040476463055,normal
2025-07-22 13:23:48,0.0,1.1255960053127148,0.019116365137867224,1.0,1.7304262001819743,normal
2025-07-22 13:13:15,1.735092634494478,1.3981052793591968,20.519489518072366,0.6681056425582139,0.33704848214326616,DNS
2025-07-22 12:25:08,1.8209715372133684,1.1127578243105622,6.289385842535317,0.9787491053767212,0.8251662352520374,DNS
2025-07-22 11:54:56,1.3026901953795023,0.5609159084593719,22.851661413848564,1.438677959359333,0.8783275911967728,DNS
2025-07-22 12:24:02,0.23095122039267912,1.971596173424952,10.974144694549961,0.8012690511818368,2.3936312862088305,DNS
2025-07-22 12:31:39,0.7633566876977875,0.2521433375099736,23.444798912538246,1.3476033579333078,1.648304687031214,DNS
2025-07-22 12:52:55,1.8604226677112083,1.1674942955183545,13.444960738982678,1.204794287931747,2.2393997007435393,DNS
2025-07-21 17:40:52,1.2422974252894052,0.3050312773169195,13.54831336387029,0.9837769801554755,1.4213868518263701,DNS
2025-07-21 17:22:55,0.7875532808560737,0.650266520260366,16.10539657226254,1.1863000681612736,1.2929854784255326,DNS
2025-07-21 18:12:25,0.42020735486474337,0.28217062385422365,7.2489855684460345,1.423536005217409,1.5932295768324722,DNS
2025-07-22 12:14:05,0.010823567531304423,0.22587623009565672,23.71593215764175,0.6827355875977875,1.9447855164094439,DNS
2025-07-22 12:58:15,0.2649152383422144,1.8387917195279477,11.228375942620257,0.7011556290622953,1.7534861324094797,DNS
2025-07-21 17:05:04,0.9573199184261305,1.6016383458543986,20.04503444774742,1.316169868548217,2.0100095382577146,DNS
2025-07-22 12:06:46,0.599035209757133,1.3984883171376965,17.234810826832007,1.2649547989241623,0.8157149664587711,DNS
2025-07-22 12:17:43,0.04749828569219594,0.7832747438744969,18.60126586769793,1.0042264166689634,1.3825859235840776,DNS
2025-07-22 12:50:34,1.0637352788801309,0.7766655319748847,18.943051593658517,0.6562173046344458,1.6645803457343318,DNS
2025-07-22 11:58:35,1.7058018127855281,1.9330673571195667,16.391332789298673,1.3050127960889482,1.4762055147569675,DNS
2025-07-22 11:49:00,1.123260448061801,1.3775288736861349,22.55239314481741,1.2811992676838784,1.808189862509484,DNS
2025-07-22 12:36:18,0.8282198150035041,0.748341894969107,10.760330068662693,1.0468486860610768,2.143567246935457,DNS
2025-07-22 13:08:18,1.399254422701605,1.89450936084558,5.500449442630325,1.4131452109403126,1.0209127166156553,DNS
2025-07-22 12:11:44,1.4038923098583758,0.44470952884266934,10.667098016028852,1.4172174267521926,2.441679525386747,DNS
2025-07-22 13:09:31,1.3467091227460652,1.2790810994003878,21.187313621485615,1.165137355625363,1.60779859954487,DNS
2025-07-22 13:12:07,1.6176635799369388,1.7407340360527321,14.147762674366392,0.5281814663987129,0.1828504449868591,DNS
2025-07-22 12:25:59,1.877138147701109,1.0594058822575234,19.16922561083231,1.3802895832607147,0.423207911721456,DNS
2025-07-22 12:17:16,1.2943638157846686,1.7634767500514608,16.921550439267833,1.3637701975559575,2.0635366043650962,DNS
2025-07-21 18:00:20,1.3896801002721844,2.1215319483729846,11.326552789081177,0.8457029170018596,0.2157431393818304,DNS
2025-07-22 12:45:02,1.0338895694069867,0.2703067665387757,3.885726283107056,0.6723355588749992,0.41215286052168154,DNS
2025-07-22 13:02:35,1.4368993138798716,1.4155149771040676,9.10272850529018,1.4160292691517766,2.133078260767767,DNS
2025-07-22 12:25:59,0.589143680848117,0.9190924924050694,14.056428479558972,1.4175378635592144,1.0075227508208067,DNS
2025-07-22 11:55:23,0.9520328340759774,1.287665375947137,15.08813359051238,0.848380946357087,1.2438271298637116,DNS
2025-07-21 17:24:49,1.8211467275108697,1.1688774749493855,4.37547356632175,1.484332761891641,1.9235427504760751,DNS
2025-07-22 12:11:00,1.237284717457598,0.3748910026053863,5.147746085007082,1.1670390952066532,1.4459945455521797,DNS
2025-07-22 11:58:07,0.5032992958826428,0.8682640890442759,20.987135903309195,1.4271703773853894,2.406933702636339,DNS
2025-07-22 12:58:56,0.5963760782303338,1.6251417316321635,24.15652552642075,1.3738655795289108,1.1837490333434406,DNS
2025-07-22 12:31:52,0.3423739607145031,1.8953536497458636,15.835033252633819,1.3670018515422813,1.1405866418083503,DNS
2025-07-22 12:17:16,0.6186554882126241,0.917604608013862,12.328211042586044,0.6615514747123383,0.18528879655475922,DNS
2025-07-22 12:52:10,0.15881880671405435,1.5140637688024756,12.64393863687217,0.6235893884950539,1.9920283146156041,DNS
2025-07-21 17:23:56,1.962988119967686,1.6193530834070125,12.918023957150956,0.7499718488187771,0.2964898738606328,DNS
2025-07-22 12:43:57,0.3734219982878124,0.4632970985941858,24.90689117361865,0.7192051207757899,0.17384670201362953,DNS
2025-07-22 11:46:42,1.8604591478025427,0.25383483956656505,21.026631385852365,0.9729509349786444,2.0411691434188994,DNS
2025-07-22 13:01:55,1.4098219832510623,1.9817114034755898,23.614122693556574,0.9996602750920113,2.2685503156406006,DNS
2025-07-22 12:18:39,1.7987829263267365,1.9184126574496625,20.641442157936538,1.0141363169252149,2.074203499844287,DNS
2025-07-22 12:41:49,1.9309848876503375,2.068572528792674,19.133986412148264,0.5098155684913711,2.12108325497414,DNS
2025-07-22 12:51:56,0.712810968926209,0.46176979574314136,6.148778650035704,1.3143645802358295,1.6847993023160253,DNS
2025-07-22 12:45:02,0.3791003339092016,1.8903476753528148,22.472728362226025,0.7760583724418056,1.8138060024514682,DNS
2025-07-22 12:20:39,1.329747239898594,0.7798362046896667,12.643332358543443,0.7445929748475472,1.3404351305288842,DNS
2025-07-22 11:55:23,1.8071481367214999,0.11713966906250285,7.67665383823794,1.3822859711544602,0.678743081751191,DNS
2025-07-22 12:51:01,0.6335129108915885,1.4860564986911768,6.207280885231263,0.9018493338004082,0.13470037805343207,DNS
2025-07-22 13:22:27,1.7836633107236157,0.22162528123110747,20.79915555234534,0.6922000131839056,1.8668356508810586,DNS
2025-07-22 11:46:55,0.7623217704893839,0.9306390912455809,16.657473445268074,1.1349617021966325,2.3764374595742463,DNS
2025-07-22 11:58:21,0.38369625346221614,2.064003358854312,3.4794880602641998,0.544012562502653,2.1905517761511875,DNS
2025-07-22 12:12:56,1.487143681123618,0.4039497365706489,0.03885382678801246,2.3391163606915226,2.5738942299689995,traceroute
2025-07-22 11:50:22,1.1679667300226588,1.1441956095811956,0.9440104935873744,2.885409802100093,5.290072389590128,traceroute
2025-07-22 12:13:24,0.4000166127857767,1.4217072957330024,0.8437973727412097,1.3287542647164212,3.864680692150815,traceroute
2025-07-22 11:49:54,1.6357707368406607,0.51933615276885,0.1392316677843859,3.7986611578653675,4.927107067122783,traceroute
2025-07-22 12:12:12,0.13737421346860135,0.909417734698364,2.3627856777633394,3.624022234751022,4.111225051145066,traceroute
2025-07-22 13:08:04,0.2208670735315803,1.4416136801820958,2.2063207151439377,3.747424701476254,2.5424998171829656,traceroute
2025-07-22 13:18:45,0.05354058077522095,1.0813427813491538,1.6710261764734462,3.261635385049262,4.070159870865407,traceroute
2025-07-22 12:16:21,0.02643480303562251,0.5890379701308075,0.5290823693151386,1.8665453539486547,3.800781353615786,traceroute
2025-07-22 12:43:13,1.1157774015676112,1.2382999813357658,1.002931981209164,2.147568839726093,4.213809037110703,traceroute
2025-07-22 12:34:10,1.4973595382222835,1.246509890130577,0.2927570236521654,3.9051595410504625,3.443944998362701,traceroute
2025-07-22 11:54:42,1.1242185297547878,1.9318304979237244,0.5311757942509353,4.868228928354134,4.665065250985064,traceroute
2025-07-22 13:10:34,0.06882101590568612,1.8960261601912927,1.9864128278870419,3.2998470300345035,4.418517900099881,traceroute
2025-07-22 12:12:56,0.34132441353110976,1.991436835018964,2.196789960139086,3.3090015207526937,4.558594411646348,traceroute
2025-07-22 12:55:52,1.1211151216052044,1.243775918645223,0.6553752626497371,2.8185384124319226,3.8162786482406084,traceroute
2025-07-22 11:18:01,1.3384395375607447,1.445522925806602,1.3758220510927148,2.551895340229414,2.6599846100425846,traceroute
2025-07-22 13:09:31,0.46345322064828154,1.3200739312318976,0.6108861740532598,3.960510855942818,2.6579935352877957,traceroute
2025-07-22 13:00:32,1.4927561745194933,0.8022774139328017,0.5740699457103229,3.9080249650076575,5.044754578896319,traceroute
2025-07-22 12:11:58,0.3103241532324472,1.6180000552689513,0.803540432760409,2.5993893258779672,5.814980542803908,traceroute
2025-07-22 13:08:18,0.9191195080581775,1.0640749928388722,2.331889336856368,1.010464385834216,5.3931612586029445,traceroute
2025-07-22 12:55:52,0.08928765950964923,1.928952548072892,0.5180214296650032,3.4477848038953938,5.9975978658087215,traceroute
2025-07-22 13:22:47,1.6941128181018774,1.6019616223617035,1.4817226416175326,2.637495843071723,3.4005595464244047,traceroute
2025-07-22 11:49:54,1.3774995882613263,1.3611632095889397,0.9332656781024602,3.7835888756251843,2.6353639321888056,traceroute
2025-07-22 11:58:48,1.879075141909732,1.4136991806316181,1.3294829347591284,1.539590979243684,5.87382908458178,traceroute
2025-07-22 12:37:40,0.44637894352257734,0.7580296594820909,1.3722546463820495,3.123672871840849,4.386773594693751,traceroute
2025-07-22 13:13:01,1.8417587071133705,1.3021266070442108,1.6110549546249175,4.184998837232612,3.2447744835473893,traceroute
2025-07-22 12:38:38,0.05379272471111651,1.6046296862710938,2.1447444967491824,3.9197454066676074,4.164906986004073,traceroute
2025-07-22 13:18:45,1.587093959195823,2.0630410030259982,0.9188651719788298,3.2973660266723215,5.1660164237326285,traceroute
2025-07-22 12:02:19,0.20731888455819392,1.5548484188266398,0.8258213890000582,4.584044251635935,4.913200094659498,traceroute
2025-07-22 12:38:10,1.7238793039558338,2.2092456116058106,0.8748667295387398,2.615977426443836,5.986160185346126,traceroute
2025-07-22 13:19:35,0.6798769715093558,1.3929827070937213,1.0978387548473016,2.901165631883414,4.970209167828164,traceroute
2025-07-22 11:13:34,1.0072838405489588,1.49044391070937,0.6933215185310228,2.7444986125787008,3.2827669817652403,traceroute
2025-07-22 12:08:55,1.3779023283829277,0.3560544265979577,0.1871680025053358,1.6180825410990218,5.352075818511615,traceroute
2025-07-22 12:19:52,0.4947395547274567,0.26056761324477984,0.867756318667846,2.2843101849192315,3.1405089751830717,traceroute
2025-07-22 13:13:15,1.4240770486456509,0.3306921684094023,0.23345029988031749,2.8212239111235546,3.5868834270857257,traceroute
2025-07-22 13:13:15,0.589857532518056,0.8790947881923407,0.17888882558137964,3.6806473696454507,5.507064693604566,traceroute
2025-07-22 11:01:38,1.4816358641563563,1.3356577510690613,1.263627371416818,2.7024040218836403,5.138720183776775,traceroute
2025-07-22 13:22:27,1.7341693633727961,0.9660900916000608,0.28025490092772415,4.7146851426605245,4.325303522746419,traceroute
2025-07-21 18:09:24,0.2874780013615059,0.25935949720863694,0.4917550345206791,4.898119880178799,4.536837519339539,traceroute
2025-07-22 12:01:26,1.9279026925278797,0.8281668528519395,2.064710003471345,1.2078964614438616,3.998029433838303,traceroute
2025-07-22 12:20:39,0.8882069718247498,0.5296097042437391,0.16869599809492092,3.9966279391889716,3.9954018928331445,traceroute
2025-07-22 13:21:57,1.2554561308430532,0.5112164128725368,2.1805256211315376,2.1641006304427717,5.134481779168249,traceroute
2025-07-22 13:08:18,1.6963033679308874,0.2829981253067255,0.47439724731607774,1.642840550518189,4.833608019007997,traceroute
2025-07-22 11:42:54,1.0895290769071688,0.11102678582675177,0.9176601870883818,3.3914446616997505,5.6796651004881715,traceroute
2025-07-22 12:59:10,0.44634729999337486,1.4822144687625916,0.15344034118145375,2.197110541943435,5.9254386852466014,traceroute
2025-07-22 11:48:18,0.26556695417665255,1.843664687157886,1.3682298725084665,2.705028307250327,5.2971920763516,traceroute
2025-07-22 13:05:47,1.0747232435989973,0.10712335837225953,0.16173766440104176,3.124426195425233,5.5329962618210775,traceroute
2025-07-22 11:46:42,0.6378587793031347,1.8287443890244708,1.1663146869806893,3.1639530166254244,5.772248814955358,traceroute
2025-07-22 12:38:38,0.9750312271882475,0.2653964574871007,0.6720399821951134,1.4144479076155005,4.1485978707582305,traceroute
2025-07-22 11:55:51,1.4634676718622541,0.5641737561131991,2.1090109872577947,4.065845041162748,3.0287980461437054,traceroute
2025-07-22 12:23:40,0.8690648054496415,2.1423440605678636,1.7065596597240322,1.6443491437178355,3.1034686510995795,traceroute
2025-07-22 13:19:45,40.445988355474604,1.1170255669765032,2.486532731836558,0.9843009745732068,1.4376349847338614,loss
2025-07-22 12:19:52,14.646718358787515,1.7952516041941997,2.2165229007460496,0.9181553284879277,0.2517494596982151,loss
2025-07-22 11:35:51,39.94223605847919,0.5974669830254045,2.474576582560367,0.5436957922574935,2.396224684369164,loss
2025-07-22 12:43:57,23.2530208709662,1.1148505218724916,1.368386942351997,0.7760376321439457,1.8637380725516604,loss
2025-07-22 12:25:45,17.722350402771813,1.23692025132339,1.2288840996866623,1.1464296950778714,2.2054767829540878,loss
2025-07-22 13:22:27,19.428275469483747,0.5529716424179344,1.372019572401489,1.0694758683649515,1.853888586870068,loss
2025-07-22 12:33:55,23.09673268949268,1.0408242470736335,0.4342504044354419,1.0756671869606638,1.1271413524637934,loss
2025-07-22 13:22:37,39.8433238760864,1.9075149274774916,1.6318130394739558,0.6106733352896754,0.9871645074795145,loss
2025-07-22 12:40:37,40.744288897890776,1.0488654645936402,0.08321008441540753,0.8904141027477319,0.7704402123254337,loss
2025-07-22 13:13:01,49.389233580105504,1.0756145647711177,0.16268406707870106,0.6337388961513496,1.8496646460495751,loss
2025-07-22 11:48:18,16.215529070950343,0.8777655472344289,2.102982355440309,1.1233223775641479,0.3144388007309867,loss
2025-07-22 13:12:07,33.363105861412365,0.35080920663579074,2.1078568696141207,0.9149010061187246,1.0366747009556452,loss
2025-07-22 12:41:20,22.33148395662427,1.6657252819636421,0.43459177564321677,1.0201432653699278,2.160654726631557,loss
2025-07-22 12:05:20,24.652435013429,1.4032434037829555,1.8236179298026658,0.6363400238404118,0.5286504399484475,loss
2025-07-22 13:05:05,14.5110852847345,1.65507765354083,2.36299954130965,0.5649324410467313,0.9934600089980066,loss
2025-07-22 12:17:57,22.21322338543523,1.9906695729667172,0.2713613970136467,1.0162919398561236,2.2218594612544504,loss
2025-07-22 12:33:55,5.237126281588395,1.1273714611945316,1.1910109839921776,0.6990023013936396,0.8637767037393206,loss
2025-07-21 17:58:52,32.09036681818391,1.8551601123844008,0.7943309041068077,0.6914056864526802,1.536246942962088,loss
2025-07-22 12:12:56,6.843376806176723,0.48912782342179895,0.26983733833989026,0.8042398904010374,1.1571182397231705,loss
2025-07-22 12:33:28,24.291494818502,0.6810179868043428,1.5623084810707302,1.1839580204929077,0.30972171803723525,loss
2025-07-22 12:39:53,12.833415714125874,0.15173669277588192,0.7619418547325103,0.7760952522967333,1.4521694114836552,loss
2025-07-22 12:51:42,49.88918542773587,1.1075767134425196,1.914937466244747,1.230285223858035,0.8698001342142863,loss
2025-07-22 11:54:15,4.085767962167711,1.8238419262288956,1.1387590119283464,0.8134871197017153,0.5537642077970056,loss
2025-07-22 12:39:09,5.681774102625595,1.739974423624875,0.24161830702485262,0.8208028217396623,0.6775714618635724,loss
2025-07-22 13:22:47,25.409029895075182,2.186511095381697,1.8176307145790167,0.5639347853859404,0.69911276271962,loss
2025-07-22 11:46:55,28.008737120501184,1.6557041729801296,2.4141967224639567,0.5059696899450402,0.7516243984793013,loss
2025-07-22 12:33:42,35.845312481912345,0.9688849882643257,0.2700754515326649,0.503035761569842,1.4762075836813804,loss
2025-07-21 18:12:25,27.468080555600135,0.48810614030523103,0.09504149232648301,0.6116364082223238,1.9126649738395771,loss
2025-07-22 12:25:08,48.02632486690794,0.795291183409174,2.009341111507232,0.7272559356591088,0.1636736841662546,loss
2025-07-22 12:37:40,35.18622918943438,0.9073623783523055,0.17331991159535853,0.7866416601118513,2.296868700769366,loss
2025-07-22 12:05:45,18.99432238708407,0.5166575668743105,1.6505913826393501,0.6144104300955328,0.5234778383077817,loss
2025-07-22 13:22:27,19.75877812359676,0.10241572432457338,0.24276114890199793,0.5605153646668812,2.0094507979303926,loss
2025-07-22 12:49:38,17.0990270004682,0.23075106532895734,1.1789855324677514,1.201791658953954,1.4124026647998822,loss
2025-07-22 13:11:39,39.66520414482107,0.3730843380764669,2.4190436399822435,0.914940234495809,1.9989085291927362,loss
2025-07-22 12:40:37,36.20608210477055,2.2311441351921686,1.5237151934949724,0.8892325120578928,1.0806846584348002,loss
2025-07-22 12:47:32,44.71879246078385,0.7781250816796339,2.470519767439193,0.8889817178674714,1.7745324049768638,loss
2025-07-22 13:20:35,10.463164868744919,1.5513746347516082,0.12667590105203216,0.730639047004265,0.6498697232840885,loss
2025-07-22 12:12:56,3.532816575406236,0.5475946907020917,2.075119375404316,0.9422489904605746,1.529869957741221,loss
2025-07-22 11:28:21,6.652278752790828,2.1895268913106745,1.239602314423977,0.918031344530402,1.6724630049687954,loss
2025-07-22 12:41:20,35.927550049687234,1.0989900181864918,0.9049010879545635,1.2322224057832376,2.4654909744585884,loss
2025-07-22 13:22:27,39.57857292568211,1.877136421730541,0.6346718629733624,0.9718031621190258,1.844506348580874,loss
2025-07-22 12:26:17,33.666790313130605,1.8699201572342283,1.3354475097687695,0.6214958250902565,0.1505215838972534,loss
2025-07-22 11:49:00,33.49479964982782,0.8792331786602569,0.03455625515602591,1.0619401125869026,0.857988508935942,loss
2025-07-22 12:41:20,9.346701904677671,0.41810426760237607,0.20155201293441463,0.5096826255609728,0.22211366659163492,loss
2025-07-22 12:50:06,12.603979377220705,2.0703001365289038,1.221949719725425,0.917914575707461,2.3742940985055023,loss
2025-07-22 13:20:35,27.450386336233027,2.1015055637477986,0.41834694899972513,0.5583831812324007,2.1968458073989043,loss
2025-07-22 12:41:20,4.741603668629018,1.9355604232133021,1.8368944567595031,0.8520793852408078,0.5257086177908501,loss
2025-07-22 12:52:37,4.102552496753139,0.7513563055402925,2.3232340266124414,0.6388889892224934,0.5522992157170242,loss
2025-07-22 12:48:00,39.70350761311202,1.5316530038354264,0.8568226957724693,0.6297587733889031,1.9470023933415868,loss
2025-07-22 11:53:19,38.66161932199142,0.7688885554591387,1.1632856457015894,1.168064123904029,0.49051308245908376,loss
2025-07-22 11:55:09,1.495569903000454,8.124159236728897,2.4684839695354452,1.2119055105399101,2.4606751605299615,latency
2025-07-22 12:25:59,2.696615388058242,7.302146592125161,0.3216022434524906,1.2478991485069546,2.2118801318944503,latency
2025-07-21 17:22:55,2.8477909143810574,7.220050994738296,2.0381069598259236,0.9278369536319497,0.7255443045765051,latency
2025-07-22 13:13:15,0.42726561698726095,6.583959583291243,0.27120757650626043,0.9946656895861362,1.9692145091442361,latency
2025-07-22 12:53:36,1.051167405956254,6.019611901485522,0.8029243168716924,0.55181792221981,1.144906440940449,latency
2025-07-22 12:50:34,1.6177537866054368,8.091575435809002,1.0717695619133463,0.9565076267164462,1.0661585974166405,latency
2025-07-22 11:01:38,1.0501461944421342,7.875325935103657,2.210698275724779,0.6344198680947168,1.8365284213031496,latency
2025-07-22 13:13:15,1.8657495252849632,4.720806867961897,1.5841949831499453,0.835569030161692,2.3052953959120717,latency
2025-07-22 13:19:45,0.12646415444860126,6.95799136539644,1.2404310361066615,0.6733056434841898,2.0415238942420797,latency
2025-07-22 13:13:57,1.5494049531705651,9.237976541085107,0.29246068348943693,0.8826637314306259,2.2061018313206464,latency
2025-07-22 12:53:08,2.3072739694121047,7.820357671985689,1.1437557360992539,1.2107960742260393,0.2517176087957071,latency
2025-07-22 13:13:57,2.9406697025316855,5.903506508658552,1.7930481094641941,0.8106006856878413,1.2335348737704304,latency
2025-07-22 12:40:07,1.7860297539856935,5.618532702678603,2.1103713082231805,0.7234969579103763,0.6341763105418652,latency
2025-07-22 13:22:47,2.729059446556266,7.9362725423177265,1.7780646201907895,1.023218421713198,1.584435622203545,latency
2025-07-22 13:18:45,2.3378981135751182,4.698596716440806,2.325420351237345,0.9838918370886666,1.1789648959314765,latency
2025-07-22 11:30:41,1.8083614360815563,3.664297127782153,1.7200626148632985,0.7195336721277115,1.2006746101868442,latency
2025-07-21 18:04:43,2.302087376177382,5.271519878674121,1.1547882846665685,0.8511799758050274,0.3344978448101309,latency
2025-07-22 12:53:08,1.1055367636666213,7.121361384149177,0.36111132679418423,0.8241677703361401,0.6827272919490777,latency
2025-07-22 12:53:36,1.1514664252846258,7.1655349824683,1.9376245679459008,1.163057026678462,0.992910536711008,latency
2025-07-22 12:29:30,1.1728128536367057,3.2294769560882908,1.0615793912721556,0.5243040114982287,0.3172933839585439,latency
2025-07-22 12:25:45,2.8481614432773377,8.263637567523627,0.18778512107676731,1.073004204681748,1.2176784548492081,latency
2025-07-22 12:55:52,0.5547725902832792,3.3662253027416145,0.9152832591441654,0.56235451573989,2.3738885130567833,latency
2025-07-22 11:49:54,0.6246463677964096,8.96691384359745,0.7887495897340412,1.1022400819399596,1.148351684635908,latency
2025-07-22 12:29:30,0.8009196376836643,7.894325725383129,1.2900033904288473,1.02147841211486,1.6682308425029186,latency
2025-07-22 12:45:02,0.6488959055091674,9.394882975295092,2.3303729178368577,0.531510052857317,1.7567102130862307,latency
2025-07-22 12:54:44,1.6244575315179672,5.131453418555173,1.3310750422782096,1.1332936109150455,1.7499814853206923,latency
2025-07-22 12:21:16,1.783001650563461,3.3031907303599146,0.1561616116255971,0.683731151603691,2.056791402617642,latency
2025-07-22 12:24:02,1.5704485221269437,6.15512051335781,1.843799646809239,0.8590784537199164,0.30711616754009335,latency
2025-07-22 13:19:45,1.8566218906832788,3.5072284270939917,0.21373780711213572,0.6507320867188824,1.3370688485215079,latency
2025-07-22 13:20:45,2.446926029911957,3.708859867389675,1.4826404345683002,0.9489832706293966,0.3773674134640814,latency
2025-07-22 12:15:13,2.365075418258657,7.630818592079858,0.8274404767324814,0.8395356952172989,2.2578341919233025,latency
2025-07-22 12:58:29,2.474885465996376,9.420574002885358,0.39250872114503743,1.0117878193825494,0.3760590576756744,latency
2025-07-21 17:07:14,2.036731264189254,8.532188898429018,0.5797292827817794,0.5836216355183584,1.7035174464324603,latency
2025-07-22 12:25:59,0.2003416655121577,4.929438447159239,0.2884945879431175,0.8394103817774857,2.446417138457694,latency
2025-07-22 12:55:39,1.9708720313816528,9.212199310487396,0.8362327593425397,0.74482050657446,0.23681619364807727,latency
2025-07-22 12:41:20,2.6150555384195173,3.837344629354316,2.406187977376455,0.8625434858237688,0.5362091964843939,latency
2025-07-22 11:52:52,2.4407391440616273,5.27209979036714,0.4942201172261557,0.9295672199186458,2.1028070197736835,latency
2025-07-22 12:20:25,2.019421265862462,3.9380976848384805,1.3755660085960657,1.168437825402659,0.6537138889903451,latency
2025-07-22 12:23:11,1.3647438148816524,5.094099484788147,1.3556996979292428,0.6712673074079791,0.17749129967100447,latency
2025-07-22 12:14:59,2.31507241355881,4.986726579626701,0.4310659804571822,0.723227925871503,1.2370071613701734,latency
2025-07-22 12:45:42,2.8838854846758775,3.2076614412248206,2.4238245364284845,1.116615057773692,0.6717794873418915,latency
2025-07-22 12:55:52,0.19294142647341106,7.4564745623990305,0.857134456918841,0.9914450004792457,1.6161745113342323,latency
2025-07-22 13:22:47,0.8704542306597389,7.545776947091177,2.3630118113257654,0.7370367703224517,0.7099074400007204,latency
2025-07-21 17:06:07,0.11556331840717471,3.4959063055027197,2.309840943765319,0.6372646173921515,2.0879935419489004,latency
2025-07-22 12:33:55,1.7232813838312544,9.22017393264887,0.4586475394732015,0.8495094570674344,1.9323955537292519,latency
2025-07-21 18:16:47,0.35696062495002345,4.79916265249793,1.5021050349191905,1.1934992103148865,0.14759551022234643,latency
2025-07-22 12:51:29,2.8605195666436662,9.957731220163577,1.0384899249955222,0.8292453486925525,1.2508232146950726,latency
2025-07-22 11:55:09,0.32441383109692634,3.063518073243472,1.3911538269841766,0.6804004737944559,2.149140238479056,latency
2025-07-22 12:25:45,0.11886308618511376,3.416498420774705,0.4890266672510301,0.9581862930947496,0.9314740376628459,latency
2025-07-22 11:53:33,1.7897923460260432,8.137989825598492,0.879252416667807,0.9826410691225325,0.5319126275796211,latency